/*
 Navicat MySQL Data Transfer

 Source Server         : SMTP
 Source Server Type    : MySQL
 Source Server Version : 50622
 Source Host           : localhost
 Source Database       : UserManager

 Target Server Type    : MySQL
 Target Server Version : 50622
 File Encoding         : utf-8

 Date: 11/10/2015 23:16:44 PM
*/

SET NAMES utf8;
SET FOREIGN_KEY_CHECKS = 0;

-- ----------------------------
--  Table structure for `UserDetails`
-- ----------------------------
DROP TABLE IF EXISTS `UserDetails`;
CREATE TABLE `UserDetails` (
  `UserID` varchar(120) NOT NULL,
  `UserName` varchar(150) NOT NULL,
  `FirstName` varchar(150) DEFAULT NULL,
  `LastName` varchar(150) DEFAULT NULL,
  `Email` varchar(150) NOT NULL,
  `Password` varchar(1000) DEFAULT NULL,
  `MemberSince` varchar(255) DEFAULT NULL,
  `Active` int(11) DEFAULT NULL,
  PRIMARY KEY (`UserName`,`Email`)
) ENGINE=InnoDB DEFAULT CHARSET=utf8;

-- ----------------------------
--  Records of `UserDetails`
-- ----------------------------
BEGIN;
INSERT INTO `UserDetails` VALUES ('cyftrb', 'FrodoBaggins', 'Frodo', 'Baggins', 'frodo@localhost.com', 'ce1615712e24b7c7ebf23feab855a75b4a8a852bbcfae9a99911246256a0fe497', '1447091580', '1'), ('4frvct', 'JohnSmith', 'John', 'Smith', 'js@gmail.com', '6f4e26455b0f9c987a0009f3c5bd12786300b90fa76fb5399c82f2e63ab7121aa', '1445987595', '1'), ('692g6q', 'PraviinM', 'Praviin', 'Mandhare', 'pravsm@gmail.com', '1e905117d466dc32016cb71e3cb798cea73a942f2221fcbda1b5dc8104c2565ee', '1445961643', '1');
COMMIT;

-- ----------------------------
--  Table structure for `blogcontent`
-- ----------------------------
DROP TABLE IF EXISTS `blogcontent`;
CREATE TABLE `blogcontent` (
  ` uniqueid` int(11) NOT NULL AUTO_INCREMENT,
  `blogid` varchar(50) DEFAULT NULL,
  `blogcontent` longblob,
  PRIMARY KEY (` uniqueid`)
) ENGINE=InnoDB AUTO_INCREMENT=12 DEFAULT CHARSET=utf8;

-- ----------------------------
--  Records of `blogcontent`
-- ----------------------------
BEGIN;
INSERT INTO `blogcontent` VALUES ('2', 'h380s0', 0x7468697320697320617765736f6d6520626c6f67207468697320697320617765736f6d6520626c6f677468697320697320617765736f6d6520626c6f677468697320697320617765736f6d6520626c6f677468697320697320617765736f6d6520626c6f677468697320697320617765736f6d6520626c6f677468697320697320617765736f6d6520626c6f677468697320697320617765736f6d6520626c6f677468697320697320617765736f6d6520626c6f677468697320697320617765736f6d6520626c6f677468697320697320617765736f6d6520626c6f677468697320697320617765736f6d6520626c6f677468697320697320617765736f6d6520626c6f677468697320697320617765736f6d6520626c6f677468697320697320617765736f6d6520626c6f677468697320697320617765736f6d6520626c6f677468697320697320617765736f6d6520626c6f67), ('3', 'o2hino', 0x6950686f6e6520282fcb8861c9aa666fca8a6e2f204559452d666f686e292069732061206c696e65206f6620736d61727470686f6e65732064657369676e656420616e64206d61726b65746564206279204170706c6520496e632e20546865792072756e204170706c65277320694f53206d6f62696c65206f7065726174696e672073797374656d2e5b31345d205468652066697273742067656e65726174696f6e206950686f6e65207761732072656c6561736564206f6e204a756e652032392c20323030373b20746865206d6f737420726563656e74206950686f6e65206d6f64656c732061726520746865206950686f6e6520367320616e64206950686f6e6520367320506c75732c207768696368207765726520756e7665696c65642061742061207370656369616c206576656e74206f6e2053657074656d62657220392c20323031352e5b31355d0d0a0d0a546865207573657220696e74657266616365206973206275696c742061726f756e6420746865206465766963652773206d756c74692d746f7563682073637265656e2c20696e636c7564696e672061207669727475616c206b6579626f6172642e20546865206950686f6e65206861732057692d466920616e642063616e20636f6e6e65637420746f2063656c6c756c6172206e6574776f726b732e20416e206950686f6e652063616e2073686f6f7420766964656f202874686f756768207468697320776173206e6f742061207374616e64617264206665617475726520756e74696c20746865206950686f6e6520334753292c2074616b652070686f746f732c20706c6179206d757369632c2073656e6420616e64207265636569766520656d61696c2c2062726f77736520746865207765622c2073656e642074657874732c20475053206e617669676174696f6e2c207265636f7264206e6f7465732c20646f206d617468656d61746963616c2063616c63756c6174696f6e732c20616e6420726563656976652076697375616c20766f6963656d61696c2e5b31365d204f746865722066756e6374696f6e73e28094766964656f2067616d65732c207265666572656e636520776f726b732c20736f6369616c206e6574776f726b696e672c206574632ee2809463616e20626520656e61626c656420627920646f776e6c6f6164696e67206170706c69636174696f6e2070726f6772616d732028e2809861707073e28099293b206173206f66204f63746f62657220323031332c20746865204170702053746f7265206f666665726564206d6f7265207468616e206f6e65206d696c6c696f6e2061707073206279204170706c6520616e6420746869726420706172746965735b31375d20616e642069732072616e6b65642061732074686520776f726c642773207365636f6e64206c617267657374206d6f62696c6520736f66747761726520646973747269627574696f6e206e6574776f726b206f6620697473206b696e6420286279206e756d626572206f662063757272656e746c7920617661696c61626c65206170706c69636174696f6e73292e0d0a0d0a546865726520617265206e696e652067656e65726174696f6e73206f66206950686f6e65206d6f64656c732c2065616368206163636f6d70616e696564206279206f6e65206f6620746865206e696e65206d616a6f722072656c6561736573206f6620694f532e20546865206f726967696e616c203173742d67656e65726174696f6e206950686f6e652077617320612047534d2070686f6e6520616e642065737461626c69736865642064657369676e20707265636564656e74732c2073756368206173206120627574746f6e20706c6163656d656e7420746861742068617320706572736973746564207468726f7567686f757420616c6c2072656c656173657320616e6420612073637265656e2073697a65206d61696e7461696e656420666f7220746865206e65787420666f757220697465726174696f6e732e20546865206950686f6e652033472061646465642033472063656c6c756c6172206e6574776f726b206361706162696c697469657320616e6420412d475053206c6f636174696f6e2e20546865206950686f6e65203347532061646465642061206661737465722070726f636573736f7220616e642061206869676865722d7265736f6c7574696f6e2063616d657261207468617420636f756c64207265636f726420766964656f20617420343830702e20546865206950686f6e6520342066656174757265642061206869676865722d7265736f6c7574696f6e20393630c3973634302022526574696e6120446973706c6179222c2061205647412066726f6e742d666163696e672063616d65726120666f7220766964656f2063616c6c696e6720616e64206f7468657220617070732c20616e64206120352d6d656761706978656c20726561722d666163696e672063616d6572612077697468203732307020766964656f20636170747572652e5b31385d20546865206950686f6e6520345320757067726164657320746f20616e20382d6d656761706978656c2063616d657261207769746820313038307020766964656f207265636f7264696e672c2061206475616c2d636f72652041352070726f636573736f722c20616e642061206e61747572616c206c616e677561676520766f69636520636f6e74726f6c2073797374656d2063616c6c656420536972692e5b31395d206950686f6e65203520666561747572657320746865206475616c2d636f72652041362070726f636573736f722c20696e63726561736573207468652073697a65206f662074686520526574696e6120646973706c617920746f203420696e636865732c20696e74726f6475636573204c544520737570706f727420616e64207265706c61636573207468652033302d70696e20636f6e6e6563746f72207769746820616e20616c6c2d6469676974616c204c696768746e696e6720636f6e6e6563746f722e20546865206950686f6e65203543206665617475726573207468652073616d65204136206368697020617320746865206950686f6e6520352c20616c6f6e6720776974682061206e6577206261636b736964652d696c6c756d696e61746564204661636554696d652063616d65726120616e642061206e657720636173696e67206d616465206f6620706f6c79636172626f6e6174652e20546865206950686f6e6520355320666561747572657320746865206475616c2d636f72652036342d6269742041372070726f636573736f722c20616e20757064617465642063616d65726120776974682061206c617267657220617065727475726520616e64206475616c2d4c454420666c6173682c20616e642074686520546f7563682049442066696e6765727072696e74207363616e6e65722c20696e746567726174656420696e746f2074686520686f6d6520627574746f6e2c20616e64206669746e65737320747261636b696e6720666163696c69746965732e20546865206950686f6e65203620616e64206950686f6e65203620506c7573206675727468657220696e637265617365642073637265656e2073697a652c206d6561737572696e6720617420342e3720696e6368657320616e6420352e3520696e636865732c20726573706563746976656c792e20496e206164646974696f6e2c207468657920616c736f20666561747572652061206e6577204138206368697020616e64204d38206d6f74696f6e20636f70726f636573736f722e204173206f6620323031332c20746865206950686f6e65203347532068616420746865206c6f6e676573742070726f64756374696f6e2072756e2c20312c31383120646179733b20666f6c6c6f77656420627920746865206950686f6e6520342c2070726f647563656420666f7220312c31373420646179732e5b32305d), ('4', 'zu8ls8', 0x5048502069732061207365727665722d7369646520736372697074696e67206c616e67756167652064657369676e656420666f722077656220646576656c6f706d656e742062757420616c736f207573656420617320612067656e6572616c2d707572706f73652070726f6772616d6d696e67206c616e67756167652e204173206f66204a616e7561727920323031332c205048502077617320696e7374616c6c6564206f6e206d6f7265207468616e20323430206d696c6c696f6e2077656273697465732028333925206f662074686f73652073616d706c65642920616e6420322e31206d696c6c696f6e2077656220736572766572732e5b345d204f726967696e616c6c792063726561746564206279205261736d7573204c6572646f726620696e20313939342c5b355d20746865207265666572656e636520696d706c656d656e746174696f6e206f66205048502028706f776572656420627920746865205a656e6420456e67696e6529206973206e6f772070726f647563656420627920546865205048502047726f75702e5b365d205768696c6520504850206f726967696e616c6c792073746f6f6420666f7220506572736f6e616c20486f6d6520506167652c5b355d206974206e6f77207374616e647320666f72205048503a204879706572746578742050726570726f636573736f722c207768696368206973206120726563757273697665206261636b726f6e796d2e5b375d0d0a0d0a50485020636f64652063616e2062652073696d706c79206d6978656420776974682048544d4c20636f64652c206f722069742063616e206265207573656420696e20636f6d62696e6174696f6e207769746820766172696f75732074656d706c6174696e6720656e67696e657320616e6420776562206672616d65776f726b732e2050485020636f646520697320757375616c6c792070726f63657373656420627920612050485020696e7465727072657465722c20776869636820697320757375616c6c7920696d706c656d656e746564206173206120776562207365727665722773206e6174697665206d6f64756c65206f72206120436f6d6d6f6e204761746577617920496e746572666163652028434749292065786563757461626c652e204166746572207468652050485020636f646520697320696e74657270726574656420616e642065786563757465642c2074686520776562207365727665722073656e64732074686520726573756c74696e67206f757470757420746f2069747320636c69656e742c20757375616c6c7920696e2074686520666f726d206f6620612070617274206f66207468652067656e6572617465642077656220706167653b20666f72206578616d706c652c2050485020636f64652063616e2067656e6572617465206120776562207061676527732048544d4c20636f64652c20616e20696d6167652c206f7220736f6d65206f7468657220646174612e205048502068617320616c736f2065766f6c76656420746f20696e636c756465206120636f6d6d616e642d6c696e6520696e746572666163652028434c4929206361706162696c69747920616e642063616e206265207573656420696e207374616e64616c6f6e652067726170686963616c206170706c69636174696f6e732e5b385d), ('5', '3g7gbf', 0x4d7953514c20286f6666696369616c6c792070726f6e6f756e636564206173202f6d61c9aa20cb8cc99b736b6a75cb90cb88c99b6c2f20224d7920532d512d4c222c5b355d20616e6420756e6f6666696369616c6c79206173202f6d61c9aa20cb887369cb906b77c9996c2f20224d792053657175656c222920697320616e206f70656e2d736f757263652072656c6174696f6e616c206461746162617365206d616e6167656d656e742073797374656d20285244424d53293b5b365d20696e204a756c7920323031332c206974207761732074686520776f726c642773207365636f6e64206d6f73745b615d20776964656c792075736564205244424d532c20616e6420746865206d6f737420776964656c792075736564206f70656e2d736f7572636520636c69656e74e28093736572766572206d6f64656c205244424d532e5b395d204974206973206e616d656420616674657220636f2d666f756e646572204d69636861656c20576964656e69757327732064617567687465722c204d792e5b31305d205468652053514c206163726f6e796d207374616e647320666f722053747275637475726564205175657279204c616e67756167652e20546865204d7953514c20646576656c6f706d656e742070726f6a65637420686173206d6164652069747320736f7572636520636f646520617661696c61626c6520756e64657220746865207465726d73206f662074686520474e552047656e6572616c205075626c6963204c6963656e73652c2061732077656c6c20617320756e64657220612076617269657479206f662070726f70726965746172792061677265656d656e74732e204d7953514c20776173206f776e656420616e642073706f6e736f72656420627920612073696e676c6520666f722d70726f666974206669726d2c20746865205377656469736820636f6d70616e79204d7953514c2041422c206e6f77206f776e6564206279204f7261636c6520436f72706f726174696f6e2e5b31315d20466f722070726f7072696574617279207573652c207365766572616c20706169642065646974696f6e732061726520617661696c61626c652c20616e64206f66666572206164646974696f6e616c2066756e6374696f6e616c6974792e0d0a0d0a4d7953514c206973206120706f70756c61722063686f696365206f6620646174616261736520666f722075736520696e20776562206170706c69636174696f6e732c20616e6420697320612063656e7472616c20636f6d706f6e656e74206f662074686520776964656c792075736564204c414d50206f70656e20736f7572636520776562206170706c69636174696f6e20736f66747761726520737461636b2028616e64206f746865722022414d502220737461636b73292e204c414d5020697320616e206163726f6e796d20666f7220224c696e75782c204170616368652c204d7953514c2c205065726c2f5048502f507974686f6e2e2220467265652d736f6674776172652d6f70656e20736f757263652070726f6a656374732074686174207265717569726520612066756c6c2d6665617475726564206461746162617365206d616e6167656d656e742073797374656d206f6674656e20757365204d7953514c2e204170706c69636174696f6e7320746861742075736520746865204d7953514c20646174616261736520696e636c7564653a205459504f332c204d4f44782c204a6f6f6d6c612c20576f726450726573732c2070687042422c204d7942422c2044727570616c20616e64206f7468657220736f6674776172652e204d7953514c20697320616c736f207573656420696e206d616e7920686967682d70726f66696c652c206c617267652d7363616c652077656273697465732c20696e636c7564696e6720476f6f676c655b31325d5b31335d202874686f756768206e6f7420666f72207365617263686573292c2046616365626f6f6b2c5b31345d5b31355d5b31365d20547769747465722c5b31375d20466c69636b722c5b31385d20616e6420596f75547562652e5b31395d), ('6', 'rrv7nk', 0x496e7374616772616d20697320616e206f6e6c696e65206d6f62696c652070686f746f2d73686172696e672c20766964656f2d73686172696e6720616e6420736f6369616c206e6574776f726b696e672073657276696365207468617420656e61626c65732069747320757365727320746f2074616b6520706963747572657320616e6420766964656f732c20616e64207368617265207468656d206f6e20612076617269657479206f6620736f6369616c206e6574776f726b696e6720706c6174666f726d732c20737563682061732046616365626f6f6b2c20547769747465722c2054756d626c7220616e6420466c69636b722e5b355d204f726967696e616c6c792c20612064697374696e6374697665206665617475726520776173207468617420697420636f6e66696e65642070686f746f7320746f2061207371756172652073686170652c2073696d696c617220746f204b6f64616b20496e7374616d6174696320616e6420506f6c61726f696420696d616765732c20696e20636f6e747261737420746f2074686520343a332061737065637420726174696f207479706963616c6c792075736564206279206d6f62696c65206465766963652063616d657261732e20496e2041756775737420323031352c2076657273696f6e20372e35207761732072656c65617365642c20616c6c6f77696e6720757365727320746f20706f73742070686f746f7320636170747572656420696e20616e792061737065637420726174696f2e2055736572732063616e20616c736f206170706c79206469676974616c2066696c7465727320746f20746865697220696d616765732e20546865206d6178696d756d206475726174696f6e20666f7220496e7374616772616d20766964656f73206973203135207365636f6e64732e5b365d0d0a0d0a496e7374616772616d207761732063726561746564206279204b6576696e2053797374726f6d20616e64204d696b65204b7269656765722c20616e64206c61756e6368656420696e204f63746f626572203230313020617320612066726565206d6f62696c65206170702e2054686520736572766963652072617069646c79206761696e656420706f70756c61726974792c2077697468206f76657220313030206d696c6c696f6e20616374697665207573657273206173206f6620417072696c20323031325b375d5b385d20616e64206f76657220333030206d696c6c696f6e206173206f6620446563656d62657220323031342e5b395d20496e7374616772616d206973206469737472696275746564207468726f75676820746865204170706c65204170702053746f72652c20476f6f676c6520506c61792c20616e642057696e646f77732050686f6e652053746f72652e5b31305d20537570706f727420666f72207468652061707020697320617661696c61626c6520666f72206950686f6e652c20695061642c2069506f6420546f7563682c20616e6420416e64726f69642068616e64736574732c207768696c652074686972642d706172747920496e7374616772616d20617070732061726520617661696c61626c6520666f7220426c61636b626572727920313020616e64204e6f6b69612d53796d6269616e20446576696365732e5b31315d5b31325d0d0a0d0a5468652073657276696365207761732061637175697265642062792046616365626f6f6b20696e20417072696c203230313220666f7220617070726f78696d6174656c7920555324312062696c6c696f6e20696e206361736820616e642073746f636b2e5b31335d20496e20323031332c20496e7374616772616d2067726577206279203233252c207768696c652046616365626f6f6b2c2061732074686520706172656e7420636f6d70616e792c206f6e6c7920677265772062792033252e5b31345d), ('7', '3iek12', 0x546865204c6f7264206f66207468652052696e677320697320616e206570696320686967682d66616e74617379206e6f76656c207772697474656e20627920456e676c69736820617574686f72204a2e20522e20522e20546f6c6b69656e2e205468652073746f727920626567616e20617320612073657175656c20746f20546f6c6b69656e277320313933372066616e74617379206e6f76656c2054686520486f626269742c20627574206576656e7475616c6c7920646576656c6f70656420696e746f2061206d756368206c617267657220776f726b2e205772697474656e20696e20737461676573206265747765656e203139333720616e6420313934392c20546865204c6f7264206f66207468652052696e6773206973206f6e65206f662074686520626573742d73656c6c696e67206e6f76656c732065766572207772697474656e2c2077697468206f76657220313530206d696c6c696f6e20636f7069657320736f6c642e5b315d0d0a0d0a546865207469746c65206f6620746865206e6f76656c2072656665727320746f207468652073746f72792773206d61696e20616e7461676f6e6973742c20746865204461726b204c6f726420536175726f6e2c5b6e6f746520315d2077686f2068616420696e20616e206561726c69657220616765206372656174656420746865204f6e652052696e6720746f2072756c6520746865206f746865722052696e6773206f6620506f7765722061732074686520756c74696d61746520776561706f6e20696e206869732063616d706169676e20746f20636f6e7175657220616e642072756c6520616c6c206f66204d6964646c652d65617274682e2046726f6d20717569657420626567696e6e696e677320696e207468652053686972652c206120686f62626974206c616e64206e6f7420756e6c696b652074686520456e676c69736820636f756e747279736964652c207468652073746f72792072616e676573206163726f7373204d6964646c652d65617274682c20666f6c6c6f77696e672074686520636f75727365206f662074686520576172206f66207468652052696e67207468726f756768207468652065796573206f662069747320636861726163746572732c2074686520686f62626974732046726f646f2042616767696e732c2053616d77697365202253616d222047616d6765652c204d65726961646f6320224d6572727922204272616e64796275636b20616e6420506572656772696e202250697070696e2220546f6f6b2c2062757420616c736f2074686520686f62626974732720636869656620616c6c69657320616e642074726176656c6c696e6720636f6d70616e696f6e733a20746865204d656e20417261676f726e20736f6e206f662041726174686f726e2c20612052616e676572206f6620746865204e6f7274682c20616e6420426f726f6d69722c2061204361707461696e206f6620476f6e646f723b2047696d6c6920736f6e206f6620476cc3b3696e2c20612044776172662077617272696f723b204c65676f6c617320477265656e6c6561662c20616e20456c76656e207072696e63653b20616e642047616e64616c662c20612057697a6172642e0d0a0d0a54686520776f726b2077617320696e697469616c6c7920696e74656e64656420627920546f6c6b69656e20746f206265206f6e6520766f6c756d65206f6620612074776f2d766f6c756d65207365742c20746865206f7468657220746f206265205468652053696c6d6172696c6c696f6e2c206275742074686973206964656120776173206469736d697373656420627920686973207075626c69736865722e5b335d5b345d20466f722065636f6e6f6d696320726561736f6e7320546865204c6f7264206f66207468652052696e677320776173207075626c697368656420696e20746872656520766f6c756d6573206f7665722074686520636f75727365206f66206120796561722066726f6d203239204a756c79203139353420746f203230204f63746f62657220313935352e5b335d5b355d2054686520746872656520766f6c756d65732077657265207469746c6564205468652046656c6c6f7773686970206f66207468652052696e672c205468652054776f20546f776572732c20616e64205468652052657475726e206f6620746865204b696e672e205374727563747572616c6c792c20746865206e6f76656c206973206469766964656420696e7465726e616c6c7920696e746f2073697820626f6f6b732c2074776f2070657220766f6c756d652c2077697468207365766572616c20617070656e6469636573206f66206261636b67726f756e64206d6174657269616c20696e636c756465642061742074686520656e64206f662074686520746869726420766f6c756d652e20536f6d652065646974696f6e7320636f6d62696e652074686520656e7469726520776f726b20696e746f20612073696e676c6520766f6c756d652e20546865204c6f7264206f66207468652052696e6773206861732073696e6365206265656e2072657072696e746564206e756d65726f75732074696d657320616e64207472616e736c6174656420696e746f203338206c616e6775616765732e0d0a0d0a546f6c6b69656e277320776f726b20686173206265656e20746865207375626a656374206f6620657874656e7369766520616e616c79736973206f6620697473207468656d657320616e64206f726967696e732e20416c74686f7567682061206d616a6f7220776f726b20696e20697473656c662c207468652073746f727920776173206f6e6c7920746865206c617374206d6f76656d656e74206f662061206c6172676572206570696320546f6c6b69656e2068616420776f726b6564206f6e2073696e636520313931372c5b365d20696e20612070726f6365737320686520646573637269626564206173206d7974686f706f6569612e5b6369746174696f6e206e65656465645d20496e666c75656e636573206f6e2074686973206561726c69657220776f726b2c20616e64206f6e207468652073746f7279206f6620546865204c6f7264206f66207468652052696e67732c20696e636c756465207068696c6f6c6f67792c206d7974686f6c6f67792c2072656c6967696f6e20616e642074686520617574686f72277320646973746173746520666f72207468652065666665637473206f6620696e647573747269616c697a6174696f6e2c2061732077656c6c206173206561726c6965722066616e7461737920776f726b7320616e6420546f6c6b69656e277320657870657269656e63657320696e20576f726c642057617220492e5b375d20546865736520696e737069726174696f6e7320616e64207468656d65732068617665206f6674656e206265656e2064656e69656420627920546f6c6b69656e2068696d73656c662e20546865204c6f7264206f66207468652052696e677320696e20697473207475726e20697320636f6e7369646572656420746f206861766520686164206120677265617420656666656374206f6e206d6f6465726e2066616e746173793b2074686520696d70616374206f6620546f6c6b69656e277320776f726b73206973207375636820746861742074686520757365206f662074686520776f7264732022546f6c6b69656e69616e2220616e642022546f6c6b69656e6573717565222068617665206265656e207265636f7264656420696e20746865204f78666f726420456e676c6973682044696374696f6e6172792e5b385d), ('8', 'ur1hj5', 0x536175726f6e202fcb887361ca8a72c9926e2f5b315d20697320746865207469746c65206368617261637465725b6e6f746520315d20616e64206d61696e20616e7461676f6e697374206f66204a2e20522e20522e20546f6c6b69656e277320546865204c6f7264206f66207468652052696e67732e20496e207468652073616d6520776f726b2c206865206973206964656e74696669656420617320746865204e6563726f6d616e636572206d656e74696f6e656420696e20546f6c6b69656e2773206561726c696572206e6f76656c2054686520486f626269742e20496e20546f6c6b69656e2773205468652053696c6d6172696c6c696f6e20287075626c697368656420706f737468756d6f75736c7920627920546f6c6b69656e277320736f6e204368726973746f7068657220546f6c6b69656e292c5b335d20686520697320616c736f2064657363726962656420617320746865206368696566206c69657574656e616e74206f6620746865206669727374204461726b204c6f72642c204d6f72676f74682e20546f6c6b69656e206e6f7465642074686174207468652022616e67656c69632220706f77657273206f662068697320636f6e7374727563746564206d7974682022776572652063617061626c65206f66206d616e792064656772656573206f66206572726f7220616e64206661696c696e67222c20627574206279206661722074686520776f727374207761732022746865206162736f6c75746520536174616e696320726562656c6c696f6e20616e64206576696c206f66204d6f72676f746820616e642068697320736174656c6c69746520536175726f6e222e5b345d), ('9', 'e4yul0', 0x53616d77697365202253616d222047616d676565202fcb8873c3a66dcb8c7761c9aa7a20cb88c9a1c3a66dcb8c64ca9269cb902f20286c61746572206b6e6f776e2061732053616d7769736520476172646e6572295b315d20697320612066696374696f6e616c2063686172616374657220696e204a2e20522e20522e20546f6c6b69656e2773206c6567656e64617269756d2e2053616d77697365206973206f6e65206f6620746865206368696566206368617261637465727320696e20546f6c6b69656e2773206e6f76656c20546865204c6f7264206f66207468652052696e67732c20696e2077686963682068652066696c6c7320616e2061726368657479706963616c20726f6c652061732074686520736964656b69636b206f6620746865207072696d6172792070726f7461676f6e6973742c2046726f646f2042616767696e732e), ('10', '88p15o', 0x476f6c6c756d20697320612066696374696f6e616c206368617261637465722066726f6d204a2e20522e20522e20546f6c6b69656e2773206c6567656e64617269756d2e2048652077617320696e74726f647563656420696e207468652031393337206368696c6472656e27732066616e74617379206e6f76656c2054686520486f626269742c20616e6420626563616d6520616e20696d706f7274616e7420737570706f7274696e672063686172616374657220696e206974732073657175656c2c20546865204c6f7264206f66207468652052696e67732e20476f6c6c756d2077617320612053746f6f7220486f626269745b315d206f66207468652052697665722d666f6c6b2c2077686f206c69766564206e6561722074686520476c616464656e204669656c64732e5b325d204f726967696e616c6c79206b6e6f776e20617320536dc3a961676f6c2c2068652077617320636f7272757074656420627920746865204f6e652052696e6720616e64206c61746572206e616d656420476f6c6c756d20616674657220686973206861626974206f66206d616b696e6720226120686f727269626c65207377616c6c6f77696e67206e6f69736520696e20686973207468726f6174222e5b335d0d0a0d0a496e20417070656e6469782046206f6620546865204c6f7264206f66207468652052696e67732c20746865206e616d6520536dc3a961676f6c206973207361696420746f206265206120227472616e736c6174696f6e22206f66207468652061637475616c204d6964646c652d6561727468206e616d652054726168616c642028686176696e6720746f20646f2077697468207468652069646561206f662022627572726f77696e67222c20616e642072656e646572656420776974682061206e616d65206261736564206f6e204f6c6420456e676c69736820736d7967656c206f662073696d696c6172206d65616e696e67292e5b345d0d0a0d0a5468652052696e672c20776869636820476f6c6c756d20726566657272656420746f20617320226d792070726563696f757322206f72202270726563696f7573222c20657874656e64656420686973206c69666520666172206265796f6e64206e61747572616c206c696d6974732e2043656e747572696573206f66207468652052696e67277320696e666c75656e6365207477697374656420476f6c6c756d277320626f647920616e64206d696e642c20616e64206279207468652074696d656c696e65206f6620746865206e6f76656c73206861642022636f6d6520746f206c6f766520616e642068617465207468652052696e672c206a757374206173206865206c6f76656420616e642068617465642068696d73656c662e22205468726f7567686f7574207468652073746f72792c20476f6c6c756d2077617320746f726e206265747765656e20686973206c75737420666f72207468652052696e6720616e64206869732064657369726520746f2062652066726565206f662069742e2042696c626f2042616767696e7320666f756e64207468652052696e6720616e6420746f6f6b20697420666f7220686973206f776e2c20616e6420476f6c6c756d2061667465727761726473207075727375656420697420666f72207468652072657374206f6620686973206c6966652e), ('11', 't3gasw', 0x7468697320697320676f6f647468697320697320676f6f647468697320697320676f6f647468697320697320676f6f647468697320697320676f6f647468697320697320676f6f647468697320697320676f6f647468697320697320676f6f647468697320697320676f6f647468697320697320676f6f647468697320697320676f6f647468697320697320676f6f647468697320697320676f6f647468697320697320676f6f647468697320697320676f6f647468697320697320676f6f647468697320697320676f6f647468697320697320676f6f647468697320697320676f6f647468697320697320676f6f647468697320697320676f6f647468697320697320676f6f647468697320697320676f6f647468697320697320676f6f647468697320697320676f6f647468697320697320676f6f647468697320697320676f6f647468697320697320676f6f647468697320697320676f6f647468697320697320676f6f647468697320697320676f6f647468697320697320676f6f647468697320697320676f6f647468697320697320676f6f647468697320697320676f6f647468697320697320676f6f647468697320697320676f6f647468697320697320676f6f64);
COMMIT;

-- ----------------------------
--  Table structure for `bloglisting`
-- ----------------------------
DROP TABLE IF EXISTS `bloglisting`;
CREATE TABLE `bloglisting` (
  `uniqueid` int(11) NOT NULL AUTO_INCREMENT,
  `blogid` varchar(50) NOT NULL,
  `title` varchar(1500) DEFAULT NULL,
  `datecreated` int(11) DEFAULT NULL,
  `deleteflag` int(1) DEFAULT NULL,
  `active` int(1) DEFAULT NULL,
  PRIMARY KEY (`uniqueid`)
) ENGINE=InnoDB AUTO_INCREMENT=17 DEFAULT CHARSET=utf8;

-- ----------------------------
--  Records of `bloglisting`
-- ----------------------------
BEGIN;
INSERT INTO `bloglisting` VALUES ('5', 'xfo8py', 'This is my first blog', null, '0', '1'), ('6', 'h380s0', 'This is by first blog', '1447088080', '0', '1'), ('7', 'o2hino', 'Apple iPhones', '1447090596', '0', '1'), ('8', 'v35dvj', 'PHP', '1447090693', '0', '1'), ('9', 'zu8ls8', 'PHP', '1447090717', '0', '1'), ('10', '3g7gbf', 'MySQL', '1447090829', '0', '1'), ('11', 'rrv7nk', 'Instagram', '1447091528', '0', '1'), ('12', '3iek12', 'The Lord Of the Rings', '1447091624', '0', '1'), ('13', 'ur1hj5', 'How i defeated Sauron', '1447091649', '0', '1'), ('14', 'e4yul0', 'Sam Gamgee Helped me', '1447091698', '0', '1'), ('15', '88p15o', 'I love GOLLUM', '1447091723', '0', '1'), ('16', 't3gasw', 'who is gandalf', '1447199633', '0', '1');
COMMIT;

-- ----------------------------
--  Table structure for `products`
-- ----------------------------
DROP TABLE IF EXISTS `products`;
CREATE TABLE `products` (
  `id` int(11) NOT NULL AUTO_INCREMENT,
  `product_code` varchar(60) NOT NULL,
  `product_name` varchar(60) NOT NULL,
  `product_desc` tinytext NOT NULL,
  `price` decimal(10,2) NOT NULL,
  PRIMARY KEY (`id`),
  UNIQUE KEY `product_code` (`product_code`)
) ENGINE=InnoDB AUTO_INCREMENT=11 DEFAULT CHARSET=utf8;

-- ----------------------------
--  Records of `products`
-- ----------------------------
BEGIN;
INSERT INTO `products` VALUES ('5', 'XCA75WPZ', 'Adipiscing Corporation', 'neque vitae semper', '44.11'), ('6', 'WVS19FPC', 'Massa Quisque PC', 'sem molestie sodales. Mauris blandit enim consequat purus. Maecenas', '98.40'), ('7', 'ACZ15ETB', 'Tempus Institute', 'felis.', '240.82'), ('8', 'DYX71QPD', 'Vulputate Mauris Sagittis Company', 'non arcu. Vivamus sit amet risus. Donec egestas. Aliquam', '36.43'), ('9', 'BXE85KFW', 'Curae; Consulting', 'magna. Duis dignissim tempor arcu. Vestibulum ut eros non enim', '35.15'), ('10', 'ZEO92KVA', 'Suscipit Nonummy Institute', 'mus. Proin vel nisl. Quisque fringilla euismod enim. Etiam', '167.13');
COMMIT;

-- ----------------------------
--  Table structure for `whomadewho`
-- ----------------------------
DROP TABLE IF EXISTS `whomadewho`;
CREATE TABLE `whomadewho` (
  `uniqueid` int(11) NOT NULL AUTO_INCREMENT,
  `blogid` varchar(50) DEFAULT NULL,
  `userid` varchar(50) DEFAULT NULL,
  PRIMARY KEY (`uniqueid`)
) ENGINE=InnoDB AUTO_INCREMENT=13 DEFAULT CHARSET=utf8;

-- ----------------------------
--  Records of `whomadewho`
-- ----------------------------
BEGIN;
INSERT INTO `whomadewho` VALUES ('2', 'xfo8py', '692g6q'), ('3', 'h380s0', '692g6q'), ('4', 'o2hino', '692g6q'), ('5', 'zu8ls8', '692g6q'), ('6', '3g7gbf', '692g6q'), ('7', 'rrv7nk', '4frvct'), ('8', '3iek12', 'cyftrb'), ('9', 'ur1hj5', 'cyftrb'), ('10', 'e4yul0', 'cyftrb'), ('11', '88p15o', 'cyftrb'), ('12', 't3gasw', 'cyftrb');
COMMIT;

SET FOREIGN_KEY_CHECKS = 1;
